metrics/precision(B),metrics/recall(B),metrics/mAP50(B),metrics/mAP50-95(B),fitness
0.6491088837550644,0.5605772154268127,0.602318732603818,0.2727829558989735,0.30573653356945796
