epoch,time,train/box_loss,train/cls_loss,train/dfl_loss,metrics/precision(B),metrics/recall(B),metrics/mAP50(B),metrics/mAP50-95(B),val/box_loss,val/cls_loss,val/dfl_loss,lr/pg0,lr/pg1,lr/pg2
1,239.56,1.29149,7.7405,2.33024,0.41892,0.24242,0.21503,0.07855,1.46455,10.824,1.95229,0.000366703,0.000366703,0.000366703
2,473.534,1.32268,6.06916,2.34482,0.46801,0.32752,0.31666,0.12207,1.47608,8.9491,1.9606,0.000729673,0.000729673,0.000729673
3,708.075,1.32634,5.85334,2.43473,0.51852,0.33766,0.33874,0.12904,1.51626,8.05397,2.09915,0.00108524,0.00108524,0.00108524
4,940.488,1.31465,5.5325,2.42957,0.49324,0.41991,0.41207,0.16909,1.44815,7.61458,1.99044,0.0010777,0.0010777,0.0010777
